{"loss_curve": [0.553044, 0.439609, 0.426527, 0.421349, 0.419369, 0.414805, 0.412147, 0.410886, 0.408632, 0.407849, 0.405435, 0.403347, 0.403281, 0.398965, 0.396971, 0.396755, 0.39303, 0.393715, 0.390698, 0.387257, 0.386983, 0.386645, 0.382055, 0.38029, 0.377297, 0.375106, 0.374829, 0.371719, 0.370731], "val_scores": [0.787018, 0.819473, 0.815416, 0.815416, 0.813387, 0.807302, 0.815416, 0.819473, 0.825558, 0.819473, 0.821501, 0.813387, 0.8357, 0.819473, 0.827586, 0.821501, 0.821501, 0.825558, 0.821501, 0.821501, 0.817444, 0.817444, 0.831643, 0.829615, 0.819473, 0.831643, 0.829615, 0.821501, 0.833671], "n_iter": 29}